{
    "accuracy": 0.9113475177304965,
    "precision": 0.6878612716763006,
    "recall": 0.6263157894736842,
    "f1": 0.6556473829201102,
    "roc_auc": 0.9294262295081968,
    "directional_accuracy": 0.6878612716763006,
    "sharpe_ratio": 0.8639342771961643,
    "coverage": 0.1226950354609929
}