{
    "accuracy": 0.8978723404255319,
    "precision": 0.6210526315789474,
    "recall": 0.6210526315789474,
    "f1": 0.6210526315789474,
    "roc_auc": 0.9126962899050906,
    "directional_accuracy": 0.6210526315789474,
    "sharpe_ratio": -0.020603138077583422,
    "coverage": 0.1347517730496454
}