{
    "accuracy": 0.9070921985815603,
    "precision": 0.6787878787878788,
    "recall": 0.5894736842105263,
    "f1": 0.6309859154929578,
    "roc_auc": 0.9228688524590163,
    "directional_accuracy": 0.6787878787878788,
    "sharpe_ratio": 0.9681616337971191,
    "coverage": 0.11702127659574468
}