{
    "accuracy": 0.8787234042553191,
    "precision": 0.8275862068965517,
    "recall": 0.12631578947368421,
    "f1": 0.2191780821917808,
    "roc_auc": 0.9169974115616912,
    "directional_accuracy": 0.8275862068965517,
    "sharpe_ratio": 6.006989816826349,
    "coverage": 0.02056737588652482
}