{
    "accuracy": 0.9035460992907801,
    "precision": 0.7076923076923077,
    "recall": 0.4842105263157895,
    "f1": 0.575,
    "roc_auc": 0.9271829163071613,
    "directional_accuracy": 0.7076923076923077,
    "sharpe_ratio": -0.3951684108836832,
    "coverage": 0.09219858156028368
}